ï»¿id.presentacion;producto;marca;especificacion;n;min;pmin;median;mean;pmax;max;ee;iqr;ppdm.anterior;var.mens;c.v.
1;Aceite de girasol;Ãptimo;Envase 900 cc;281;58;61;71;71,19701725;84;87;3,639850674;4;69,79747913;0,020051;0,05112364
2;Aceite de girasol;RÃ­o de la Plata;Envase 900 cc;260;29,9;57;69;68,71011029;84,9;84,9;5,938792659;4;67,9248396;0,011561;0,086432588
3;Aceite de girasol;Uruguay;Envase 900 cc;204;46,9;48;57;56,49927377;68,98;69;5,020241785;6,1;56,08421322;0,007401;0,088854979
4;Aceite de maÃ­z;Delicia;Envase 900 cc;280;53;63,9;75;75,62173086;85;91;4,163049142;5,5;74,95023307;0,008959;0,055050963
5;Aceite de maÃ­z;RÃ­o de la Plata;Envase 900 cc;262;44,9;64;75;72,86294945;79;83;4,513370983;7;76,29100247;-0,044934;0,061943292
6;Aceite de maÃ­z;Salad;Envase 900 cc;59;35;35;35;41,07008135;69,56;69,56;11,19132875;5;54,95228571;-0,252623;0,272493464
7;Aceite de soja;Condesa;Envase 900 cc;214;35;36,5;42;41,62435489;48;49,9;2,411471117;3,1;40,22751441;0,034724;0,057934138
8;Aceite de soja;RÃ­o de la Plata;Envase 900 cc;259;23,9;30,5;43;41,14518455;58;60;5,499264697;4;42,46235629;-0,03102;0,133655123
9;Aceite de soja;Salad;Envase 900 cc;98;32;32;39,9;38,86860077;42;44;2,399918404;2,01;38,83064264;0,000978;0,061744399
10;Agua de mesa con gas;Matutina;Envase 2 lt.;171;20;20;30,5;29,4801855;42;44;7,978006314;19;35,16575813;-0,161679;0,270622663
11;Agua de mesa con gas;Nativa;Envase 2 lt.;180;34;37;48;46,54636829;52;52,5;3,683052195;7;45,35228184;0,026329;0,079126521
12;Agua de mesa con gas;Salus;Envase 2,25 lt.;377;39;42;49;50,05364471;53;53;2,225574375;4;49,98052224;0,001463;0,044463783
13;Aguja vacuna;Con Hueso - Sin Marca;1 kg.;176;159;159;199;206,486548;272;291,76;20,18969278;10;200,0301653;0,032277;0,097777279
14;Aguja vacuna;Sin Hueso - Sin Marca;1 kg.;176;129;165;205;216,9143716;293;315;32,52605771;44;203,5283688;0,06577;0,149948837
15;Arroz blanco;Blue Patna;Bolsa 1 kg.;249;19,9;28;40;40,25602202;48;49;5,68626934;11;42,75811279;-0,058517;0,141252639
16;Arroz blanco;Green Chef;Bolsa 1 kg.;251;18,5;21;39;38,44544586;43;43;3,803805575;3,5;38,40925824;0,000942;0,098940342
17;Arroz blanco;Saman Blanco;Bolsa 1 kg.;243;28,9;32;45;42,77250035;46;51;3,804558686;3;43,06454722;-0,006782;0,088948709
18;Arroz blanco;Aruba tipo Patna;Bolsa 1 kg.;162;17;18;24;23,80261915;30;33;3,30033337;7;23,9798023;-0,007389;0,138654211
19;Arroz blanco;Pony;Bolsa 1 kg.;70;16,7;16,7;32;29,94569505;39;43;6,668870949;12,1;29,06057226;0,030458;0,22269882
20;Arroz blanco;Vidarroz;Bolsa 1 kg.;188;15,5;17,9;24,5;26,87837109;35,5;35,5;5,541080467;8;25,82191342;0,040913;0,206153879
22;Arvejas en conserva;CololÃ³;Lata 380 grs.;308;14,5;17,9;32;29,47829915;37,4563;37,79;5,043086033;8;30,53024557;-0,034456;0,171077918
23;Arvejas en conserva;Nidemar;Lata 300 grs.;192;8,5;9;20,5;19,76831974;23,01;29,99;4,01856645;4;18,94087663;0,043686;0,203283157
24;AzÃºcar blanco;Azucarlito;Paquete 1 kg.;133;34;34;39;37,89537726;46;50;3,372339832;5;39,12467388;-0,03142;0,088990797
25;AzÃºcar blanco;Bella UniÃ³n;Paquete 1 kg.;282;27,9;32;35;35,6952991;45;49;2,308001502;1;35,68912509;0,000173;0,064658416
26;CafÃ© envasado (no instantÃ¡neo);Ãguila;Paquete 250 grs.;318;49;99;116;117,8375765;133;142;6,647314639;6;117,5231602;0,002675;0,056410823
27;CafÃ© envasado (no instantÃ¡neo);ChanÃ¡;Paquete 250 grs.;426;99;110;145;147,7839831;162;175;10,63337132;14;148,8026968;-0,006846;0,071952123
28;CafÃ© envasado (no instantÃ¡neo);Saint;Paquete 250 grs.;146;56;61;109;99,43180746;135;135;21,23925428;42;100,1494676;-0,007166;0,213606237
29;Carne picada vacuna;Con Hasta 5% de grasa;1 kg.;174;133;199;289;275,1550136;345;365;28,01404422;30;268,0743274;0,026413;0,101811862
30;Carne picada vacuna;Con Hasta 20% de grasa;1 kg.;170;148;177;199;204,4006541;254;275;17,56720712;14;199,8198442;0,022925;0,085944965
31;Cerveza;Patricia;Botella 960 ml.;372;87;92;114;114,8716445;147;147;12,02790656;9;114,811506;0,000524;0,104707359
32;Cerveza;Pilsen;Botella 960 ml.;374;69;83,42;100;100,9557158;108;111;5,994701415;8;101,7901561;-0,008198;0,059379515
33;Cerveza;Zillertal;Botella 1 lt.;374;95;102;127;126,6676175;137;139;9,772997512;13;128,9542129;-0,017732;0,077154664
34;ChampÃº;Fructis;Envase 350 ml.;353;115,95;162;216;217,6042871;247,5;254,5;19,46993571;28;210,6580607;0,032974;0,089474045
35;ChampÃº;Sedal;Envase 350 ml.;389;99;151;185;181,3164171;215;215;14,38022834;11,5;181,6063144;-0,001596;0,079310128
36;ChampÃº;Suave;Envase 930 ml.;249;99;99;135;134,3366703;177;191;20,34622038;3;135,9314529;-0,011732;0,151456935
37;Chorizos mezcla;sueltos - Cattivelli  - Extra;1 kg.;182;261;306;349;343,9014089;384;385;15,38436153;10;343,0452684;0,002496;0,044734802
38;Chorizos mezcla;sueltos - Centenario - Extra;1 kg.;160;185;256;349;332,3515618;380;399;29,12522799;50;332,5317032;-0,000542;0,087633793
39;Chorizos mezcla;sueltos - La Familia - Hilo amarillo;1 kg.;157;195,33;196;252;245,786785;270;270;14,80129393;3;245,0840055;0,002868;0,060220056
40;Cocoa;Copacabana;Envase 500 grs.;193;99;102;147;141,7574769;156;160;12,61723107;10;141,1879748;0,004034;0,089005754
41;Cocoa;Vascolet;Envase 500 grs.;216;80;91;149;135,0977047;163;167;26,08336716;50;136,0898109;-0,00729;0,193070395
42;Desodorante en aerosol;Axe Musk;Envase 113 grs.;393;83;96;119;122,1175402;145;149,5;9,88233063;14;120,1270682;0,01657;0,080924744
43;Desodorante en aerosol;Dove Original;Envase 100 grs.;435;113;129;162;162,2514363;176;177;10,3351454;9;159,6723476;0,016152;0,063698329
44;Desodorante en aerosol;Rexona Active Emotion;Envase 105 grs.;395;78;106;135;130,8553892;150;164;10,34703107;14,1;132,384733;-0,011552;0,079072258
45;Detergente para vajilla;Deterjane limÃ³n;Envase 1.250 lt.;306;54,9;59;89;84,34544543;108;111;13,0922007;11,25;85,6570185;-0,015312;0,155221193
46;Detergente para vajilla;Hurra Nevex LimÃ³n;Envase 1.250 lt.;377;51;62;81;80,53874437;89;95;4,783123185;5;79,75946797;0,00977;0,059389096
47;Detergente para vajilla;Protergente limÃ³n;Envase 1 lt.;339;22,9;23;44;42,9664702;52;57;4,624596172;4;42,39083216;0,013579;0,107632676
48;Dulce de leche;Conaprole;Envase 1 kg.;275;148;154,9;164;167,9880179;194;199;6,963353758;7;166,7868735;0,007202;0,041451491
49;Dulce de leche;Los Nietitos;Envase 1 kg.;286;108;109;119;126,4008078;166;166;15,60263127;26;132,9302151;-0,049119;0,12343775
50;Dulce de leche;Manjar;Envase 1 kg.;282;74,9;109;128;127,5718417;146,5;146,5;7,279574371;5;126,2317016;0,010617;0,057062548
51;Dulce de membrillo;Los Nietitos;Envase 400 grs.;318;42;44,9;54;52,94037862;60;60;3,022045628;4;52,94990756;-0,00018;0,057083944
52;Fideos secos al huevo;Adria;Paquete 500 grs.;4;47;47;54;53,88073394;58;58;3,612541864;4;54,45192308;-0,01049;0,067047005
53;Fideos secos al huevo;CololÃ³;Paquete 500 grs.;299;24;24;52;50,45956189;59;62;6,505330018;6,89;49,27379576;0,024065;0,128921651
54;Fideos secos al huevo;Las Acacias;Paquete 500 grs.;324;21,9;33;48;47,03941139;56;66;4,906527553;4;47,22180329;-0,003862;0,104306738
55;Fideos secos semolados;Adria;Paquete 500 grs.;2;40;40;47,5;47,5;55;55;7,563292261;15;47,5;0;0,159227206
56;Fideos secos semolados;Las Acacias - franja celeste;Paquete 500 grs.;193;17,5;25;40;38,68175389;45;45;4,455230824;2;38,74438938;-0,001617;0,115176546
57;Fideos secos semolados;Puritas;Paquete 500 grs.;3;20;20;25;23,96666667;26,9;26,9;2,926438953;6,9;24,05384615;-0,003624;0,122104546
58;Frankfurters cortos;Centenario;Paquete 8 us.;223;55;60;133,9;128,9767167;168;195;17,61270355;6;128,2199513;0,005902;0,136557233
59;Frankfurters cortos;Ottonello;Paquete 8 us.;250;68;82;129;128,1712769;149;149;10,31938208;2;123,5341496;0,037537;0,080512439
60;Frankfurters cortos;Schneck;Paquete 8 us.;250;111;118;161,87;157,6469298;178;185;11,99197101;15,87;155,9261032;0,011036;0,076068535
61;Galletitas al agua;Famosa;Paquete 140 grs.;325;16,9;32;43;43,29181524;46,9;49;3,046371745;4;43,24026425;0,001192;0,070368307
62;Galletitas al agua;Maestro Cubano;Paquete 120 grs.;291;20;28,9;41;41,34379759;45,5;51;3,063091155;4;41,36236547;-0,000449;0,074088287
63;Gaseosa tipo cola (env. no ret.);Coca Cola;Botella 1,5 lt.;376;72;76;95;96,51330987;105;114;6,104817526;12;95,9907494;0,005444;0,063253633
64;Gaseosa tipo cola (env. no ret.);Coca Cola_;Botella 2,25.lt.;289;85;88;112;114,0732499;124;126;8,408858989;13;114,2047767;-0,001152;0,073714556
65;Gaseosa tipo cola (env. no ret.);Nix;Botella 1,5 lt.;30;28;28;37;36,8930603;49;49;5,929084299;11;36,91241458;-0,000524;0,160710016
66;Gaseosa tipo cola (env. no ret.);Pepsi;Botella 2 lt.;279;80;85;95;96,73875903;110;116;5,053362139;3;103,5149537;-0,065461;0,052237202
67;Gaseosa tipo cola (env. no ret.);Pepsi;Botella 1,5 lt.;280;72;74;82;83,63049628;92;95;3,64658537;4;88,06870901;-0,050395;0,043603536
68;Hamburguesas carne vacun;Burgy;Paquete 3 unidades;209;12,5;20;25;25,0129468;34;47,9;4,192714124;8;24,41676948;0,024417;0,167621758
69;Hamburguesas carne vacun;Paty;Paquete2 unidades;132;28;42;52;52,48361495;79;81;6,763875034;8,5;52,25134685;0,004445;0,128875937
70;Hamburguesas carne vacun;Schneck;Paquete2 unidades;265;48;51;68;65,23390247;73,9;83,5;5,033513161;6;64,9977691;0,003633;0,077161
71;Harina de maÃ­z;Gourmet;Paquete 450 grs.;80;15;15,7;20;20,47915733;25;25;1,558871734;1;20,58226044;-0,005009;0,076119916
72;Harina de maÃ­z;Presto Pronta Arcor;Paquete 500 grs.;248;16;16;38;36,81273709;47,21;47,21;3,951786176;2,1;34,31522491;0,072781;0,107348339
73;Harina de maÃ­z;Puritas;Paquete 450 grs.;325;20;20;28,9;26,76247901;31,5;35;4,244469518;10;26,70690866;0,002081;0,158597771
74;Harina trigo comÃºn 000;CaÃ±uelas;Paquete 1 kg.;262;18,03;19;37;36,43786357;41;41;4,097254864;5,1;36,09907387;0,009385;0,112444981
75;Harina trigo comÃºn 000;CololÃ³;Paquete 1 kg.;99;14,9;14,9;30;31,2806485;42;42;4,458318749;6;33,23804998;-0,05889;0,142526417
76;Harina trigo comÃºn 0000;CaÃ±uelas;Paquete 1 kg.;280;25,26;32,9;45;45,23029631;53;53;3,378715653;4,9;44,78806506;0,009874;0,074700277
77;Harina trigo comÃºn 0000;CololÃ³;Paquete 1 kg.;255;27;31,9;39;39,76263806;53;55;5,195482501;10;44,11910921;-0,098743;0,13066242
78;Harina trigo comÃºn 0000;Primor;Paquete 1 kg.;172;19,9;20;40;39,4120008;48;51;6,102695049;3,9;38,64263959;0,01991;0,154843574
79;Helado familiar;Conaprole;Envase 1lt.;310;160;170;197;194,9996287;220;229;7,082731244;5;195,5165839;-0,002644;0,036321768
80;Helado familiar;Crufi;Envase 1lt.;268;144;149;207;198,597144;225;225;19,11085003;23;193,6091183;0,025763;0,096229229
82;Hipoclorito de sodio;Agua Jane;Botella 1 lt.;375;35;45;51;50,73579767;62;62;3,984662308;4;49,98858025;0,014948;0,078537492
83;Hipoclorito de sodio;Sello Rojo;Botella 1 lt.;374;21;23;43,5;43,26380365;50;53;4,750973979;7;42,11708315;0,027227;0,109814061
84;Hipoclorito de sodio;SoluciÃ³n Cristal;Botella 1 lt.;212;20;25;50;46,12175456;51;54;6,693210032;3;46,12958215;-0,00017;0,145120456
85;Huevos colorados;El Jefe;Envase 1/2 docena;164;28,9;38,33;53;50,28669413;53;53;4,61417692;2;50,21228935;0,001482;0,091757412
86;Huevos colorados;Prodhin;Envase 1/2 docena;185;32;38;49;48,31503536;52,5;53,5;2,579322101;0;48,43985399;-0,002577;0,053385495
87;Huevos colorados;Super huevo;Envase 1/2 docena;141;31;39;53;51,06392281;57;57,5;4,147658696;4;50,8360777;0,004482;0,081224835
88;JabÃ³n de tocador;Astral plata;Unidad 125 grs.;467;22;24;42;39,53746454;49;50;7,270000114;12;39,09048977;0,011434;0,183876235
89;JabÃ³n de tocador;Palmolive;Unidad 125 grs.;3;25;25;32;29,66666667;32;32;3,318318242;7;29,12903226;0,018457;0,111853424
90;JabÃ³n de tocador;Rexona;Unidad 125 grs.;3;29;29;29;29;29;29;0;0;29;0;0
91;JabÃ³n en polvo mÃ¡quina;Drive;Paquete 800 grs.;339;74;79;99,9;98,15532251;113;118;12,51417324;31;97,8659356;0,002957;0,127493578
92;JabÃ³n en polvo mÃ¡quina;Nevex;Paquete 800 grs.;100;109;115;129;126,9297762;129;139;4,991303538;0;127,6127384;-0,005352;0,039323346
93;JabÃ³n en polvo mÃ¡quina;Skip - Paquete azul;Paquete 800 grs.;325;99;122;154;150,85272;185;185;16,49334299;33;152,5099073;-0,010866;0,109334078
94;JabÃ³n para ropa en barra;Bull Dog;Unidad 300 grs.;337;29,9;38;48,9;48,58032787;54;57;4,518245727;8,5;48,68357157;-0,002121;0,093005666
95;JabÃ³n para ropa en barra;Nevex;Unidad 200 grs.;326;28,2;29;34;35,49218717;45,5;46,5;3,569027125;3;35,40647949;0,002421;0,100558106
96;JabÃ³n para ropa en barra;Primor;Unidad 200 grs.;2;19;19;19;19;19;19;0;0;19;0;0
97;JamÃ³n cocido no artesanal;Cattivelli;1 kg.;25;300;333;400;405,9129905;443,08;443,08;31,53933803;41,52;404,066894;0,004569;0,07769975
98;JamÃ³n cocido no artesanal;Ottonello;1 kg.;175;192;326;420;413,3453561;440;462;23,48690973;3;413,2858537;0,000144;0,056821516
99;Leonesa;La Constancia;1 kg.;13;195;195;199;198,6923077;199;199;1,067246563;0;196,5384615;0,010959;0,005371353
100;Leonesa;Ottonello;1 kg.;57;207;207;300;299,4556555;330;330;13,20893053;0;300,1549383;-0,00233;0,044109805
101;Leonesa;Schneck;1 kg.;188;295;323,29;380;381,5567327;440;450,8;18,55174794;16,79;375,2740532;0,016742;0,048621205
102;Manteca;Calcar;Envase 200 grs.;109;40;42,7;60,5;62,52087469;72;80;5,252340351;5,5;62,73946164;-0,003484;0,084009387
103;Manteca;Conaprole sin sal;Envase 200 grs.;423;36;58;66,5;68,32104098;76;77;5,179932919;9;67,13607579;0,01765;0,075817535
104;Manteca;Kasdorf;Envase 200 grs.;299;42;48;60,5;60,62934846;70;70;4,118729201;6;59,67221442;0,01604;0,067932929
105;Margarina;Doriana nueva;Envase 250 grs.;228;43;62;97;94,79991183;120;120;8,78571413;6;95,2490916;-0,004716;0,092676396
106;Margarina;Flor;Envase 200 grs.;89;15,8;15,8;31;29,41574675;40,5;41;7,620722074;15;28,76062317;0,022778;0,259069475
107;Margarina;Primor;Envase 250 grs.;103;28;28;39;42,14953894;58,5;59,5;10,76763723;21,5;41,03482375;0,027165;0,255462752
108;Mayonesa comÃºn;Fanacoa;Envase 500 grs.;51;22,5;22,5;40;39,40828402;47;47;4,564620497;4;39,40206986;0,000158;0,115828959
109;Mayonesa comÃºn;Hellmans;Envase 500 grs.;283;65,9;79;96;94,25377978;105;110;6,5776904;10;96,36824045;-0,021941;0,06978702
110;Mayonesa comÃºn;Uruguay;Envase 500 grs.;208;42;49;68;66,09762914;79;85;7,021638628;9,5;64,41473386;0,026126;0,106231324
111;Mermelada de durazno;Dulciora;Envase 500 grs.;49;24,9;24,9;55;49,90293296;60;60;8,258574845;16;49,97168263;-0,001376;0,165492775
112;Mermelada de durazno;El Hogar;Envase 500 grs.;213;29,9;33;72;65,27357488;90;98;14,49261277;7;65,47801054;-0,003122;0,222028789
113;Mermelada de durazno;Los Nietitos;Envase 500 grs.;295;59,9;62;82;80,99590236;94;97;6,441880735;3;80,75392984;0,002996;0,079533415
114;Nalga vacuna;Con Hueso - Sin Marca;1 kg.;37;217,01;217,01;279;287,6525714;377;377;28,60700669;15;284,2245995;0,012061;0,099449856
115;Nalga vacuna;Sin Hueso - Sin Marca;1 kg.;175;216;218;299;287,877167;422;422;47,00461644;83;285,814786;0,007216;0,163280113
116;Paleta vacuna;Con Hueso - Sin Marca;1 kg.;168;170;173,74;215;219,4829093;279;279;17,98519556;4;210,3563633;0,043386;0,08194349
117;Paleta vacuna;Sin Hueso - Sin Marca;1 kg.;169;149;176;215;230,7237183;380;380;40,92182058;70;227,7767306;0,012938;0,177362869
118;Pan de molde lacteado;Los Sorchantes;Paquete 330 grs.;298;59;78;97;94,48424665;112;113;6,187965305;7;94,48405894;2,00E-06;0,065492032
119;Pan de molde lacteado;Bimbo;Paquete 330 grs.;275;75;75;112;107,6857792;123;128;12,1711909;25;107,8264205;-0,001304;0,113025053
120;Pan de molde lacteado;Pan CatalÃ¡n;Paquete 330 grs.;106;31;31;52;52,57407366;78;80;10,49286675;2;53,12639279;-0,010396;0,199582532
121;Pan flauta;Sin marca;Unidad aprox215 grs.;58;21;21;45,29;41,40544296;50;50;8,543601851;9;41,62817253;-0,00535;0,206340066
122;Papel higiÃ©nico hoja simple;Elite;4 rollos de 30 mts.;394;50;54,9;70;69,70801241;85,9;85,9;7,535250921;3;68,74745294;0,013972;0,108097343
123;Papel higiÃ©nico hoja simple;Higienol Export;4 rollos de 30 mts.;271;41,24;41,82;62;59,46342822;65;79;4,683706104;4,5;57,05664306;0,042182;0,078766163
124;Papel higiÃ©nico hoja simple;Sin Fin;4 rollos de 50 mts.;382;60;69;83;83,0597033;96;96;5,553363927;9;82,13927085;0,011206;0,066859906
125;Pasta dental;Colgate Herbal Blanqueador;Unidad 90 grs.;400;33;36,67;52;53,37956322;79;80;9,564335438;7;54,26334002;-0,016287;0,179175978
126;Pasta dental;Kolynos Triple acciÃ³n;Unidad 90 grs.;364;21;23;30;32,37918013;59;62;6,173562061;6;32,06114008;0,00992;0,190664558
127;Pasta dental;Pico Jenner Plus;Unidad 90 grs.;319;23;26;38;38,07212154;45;47;4,837274857;7;37,71052467;0,009589;0,127055564
128;Peceto vacuno;Sin Marca;1 kg.;169;219;219;345;330,6223708;375;394;32,85578449;36;322,3592359;0,025633;0,099375564
129;Pescado fresco;bifes de merluz - sin marca;1 kg.;93;265,9;265,9;369;364,862724;373;373;12,48623083;0;346,0130481;0,054477;0,034221722
130;Pollo entero fresco con menudos;AvÃ­cola del Oeste;1 kg.;136;75;95;118;118,6727879;139;139;8,605398871;4,41;109,7270468;0,081527;0,072513666
131;Pollo entero fresco con menudos;Tenent;1 kg.;3;79;79;79;94,21111111;129,9;129,9;21,74006008;43;91,23655914;0,032603;0,230758982
132;Pollo entero fresco con menudos;Tres Arroyos;1 kg.;23;69;69;125;110,4346211;139;139;21,25507024;43,2;105,0570033;0,051188;0,192467453
133;Pulpa de tomate;Conaprole;Envase 1 lt.;249;46;51;60;62,69377533;75;79;4,789630012;6;59,91119671;0,046445;0,076397218
134;Pulpa de tomate;De Ley;Envase 1,020 lt.;283;32;34;52;53,42248221;64;65;8,118840628;14,06;53,80003184;-0,007018;0,151974231
135;Pulpa de tomate;Gourmet;Envase 1 lt.;282;39,9;41;65,9;60,96135044;71;75;8,637980846;15,04;61,9617477;-0,016145;0,141696022
136;Queso rallado;Artesano;Paquete 80 grs.;158;33;34;78;74,9359456;90;90;8,117955206;3;75,08200465;-0,001945;0,108331925
137;Queso rallado;Conaprole;Paquete 80 grs.;390;46;52;63,5;65,55845753;77;81;5,585985439;7,81;63,4470896;0,033278;0,085206176
138;Queso rallado;Milky;Paquete 80 grs.;224;31,9;42;74;69,43087793;89;94;10,54815351;10;69,25121783;0,002594;0,15192309
139;Rueda Vacuna;Con Hueso - Sin Marca;1 kg;64;205;205;259;265,2035672;339;339;23,06497711;14,8;263,0992352;0,007998;0,08697084
140;Sal fina yodada fluorada;Sek;Paquete 500 grs.;241;21;25,3;42;42,04852147;49;66;5,635633651;5;42,13662524;-0,002091;0,134026916
141;Sal fina yodada fluorada;Torrevieja;Paquete 500 grs.;53;17,9;17,9;36,5;35,23878711;38,5;38,5;3,348107233;0;35,16347826;0,002142;0,095011988
142;Sal fina yodada fluorada;Urusal;Paquete 500 grs.;192;14,9;15,9;37;36,34660004;42;42;5,960477692;5;36,04473269;0,008375;0,163989966
143;TÃ© negro en saquitos;Hornimans;Caja 10 us.;366;24;28;35;35,63298959;42;42;4,121424461;3;32,28575463;0,103675;0,115663168
144;TÃ© negro en saquitos;La Virginia;Caja 10 us.;242;11,9;19,5;28;28,00624288;34,67;34,67;2,537460976;2;28,03518354;-0,001032;0,090603405
145;TÃ© negro en saquitos;President;Caja 10 us.;361;25;37;49;47,20820874;53,5;55;3,992765891;6,9;46,28499303;0,019946;0,084577788
146;Vino tinto comÃºn tetrabrick;FaisÃ¡n;Envase 1 lt.;369;75;84;95;93,34659185;99,62;105,9;4,638107555;9,5;93,31145299;0,000377;0,049686951
147;Vino tinto comÃºn tetrabrick;Santa Teresa ClÃ¡sico;Envase 1 lt.;277;77;79;92;91,04945513;105,5;105,5;6,413789525;6;91,38031308;-0,003621;0,07044292
148;Vino tinto comÃºn tetrabrick;Tango;Envase 1 lt.;189;49;49;86;83,91729023;99;108;9,193887654;14;86,2701456;-0,027273;0,10955892
149;Yerba mate comÃºn;Baldo;Paquete1 kg.;376;141;152;158;158,8184964;167;171,5;2,259035791;2;158,228053;0,003732;0,014224009
150;Yerba mate comÃºn;Canarias;Paquete1 kg.;409;148;155;160;165,5076611;219;219;15,87884003;2;165,2255742;0,001707;0,095940212
151;Yerba mate comÃºn;Del Cebador;Paquete1 kg.;281;99;109,9;159;151,4906565;168,5;184;17,24527407;23;152,7549734;-0,008277;0,113837213
152;Yogur;Calcar;Sachet 1 lt.;179;42;43;59;58,19082218;71;71;6,457955623;14;60,73574031;-0,041901;0,110978938
153;Yogur;Conaprole BIO TOP;Sachet1,200 lt.;273;49;57,9;64,51;64,95335272;72,9;79;3,489926055;6;60,85302555;0,067381;0,053729729
154;Yogur;Parmalat Bio Yogur;Sachet 1 lt.;142;39;39;55;52,62705349;62;65;8,805140291;18,5;52,40894248;0,004162;0,167312052
238;Lechuga Crespa;;1 unidad;147;15;16,9;26;27,44008409;45;48;6,219242948;5;41,74461819;-0,342668;0,226648101
239;Lechuga Mantecosa;;1 unidad;143;15;19;29,9;30,81755994;59;59;8,39530419;8,1;42,53619092;-0,275498;0,272419497
244;Papa Blanca;;1 kg.;160;26,5;30;52,9;55,49378483;76;78;11,23614898;19,1;59,459305;-0,066693;0,202475809
245;Papa Rosada;;1 kg.;125;27;29;49,9;46,61295181;59,9;64,9;6,839878503;9,1;48,44488865;-0,037815;0,146737725
253;Tomate Americano;;1 kg.;120;48;57;79,9;86,05280156;135,06;153;15,54803221;15;98,15818805;-0,123325;0,18068014
254;Tomate Perita;;1 kg.;161;49;89;119;113,4965949;151;185;15,69738007;19,1;110,1993641;0,029921;0,138307057
255;Banana Ecuador;;1 kg.;180;42;55;99,91;96,68007246;117,9;119,9;15,86520549;24,9;94,92211535;0,01852;0,164100058
257;Banana Brasil;;1 kg.;147;39,9;39,9;62;61,15787992;72;79;5,458933226;5,1;58,34804343;0,048156;0,089259687
262;Zapallo CalabacÃ­n;;1 kg.;170;26;26;61,9;58,83499697;75;75;10,922645;13,1;47,69972303;0,233445;0,185648773
264;Zapallo Criollo;;1 kg.;83;30;30;39,9;43,88873239;76;76;11,42519997;0;43,64297838;0,005631;0,26032194
275;Manzana Fuji;;1 kg.;95;44;44;64,9;65,18666667;89;89;5,150742528;5;66,27025997;-0,016351;0,079015277
276;Manzana Granny Smith;;1 kg.;99;39;40;65;64,10139835;96;96;7,428407284;5,09;60,87962198;0,05292;0,115885261
277;Manzana Red Deliciosa;;1 kg.;160;27;30;60;60,50517241;82;96;7,940727197;7,1;61,61529485;-0,018017;0,131240469
278;Manzana Red Chieff;;1 kg.;4;39;39;59;58,21666667;74;74;12,16012448;13,75;56,27350427;0,034531;0,208877031
286;Naranja Navel;;1 kg.;70;18;19;29,9;29,9318204;45;45;6,988798421;11;24,1155303;0,241184;0,233490591
287;Naranja Valencia;;1 kg.;89;19;20;27,9;28,11550802;36;38;3,982959033;7;28,75276753;-0,022163;0,141664132
308;Repelente crema;Off!;200 grs.;387;149;169;262;257,5824072;315;330,43;29,70214296;28;252,0502629;0,021949;0,115311225
309;Repelente spray;Off!;165 cm3;12;224;224;279;268,225;293;293;20,68848232;11;260,2980769;0,030453;0,077131074
310;Repelente aerosol;Off!;144 cm3;280;179;229;364;355,781446;415;415;55,59372414;93;352,6683589;0,008827;0,156258076
311;Repelente gel;Explorador;175 grs.;3;83;83;83;110,3333333;165;165;38,87172798;82;110,3333333;0;0,352311734
312;Repelente crema;Off!;90 grs.;14;199;199;226;220,8571429;231;231;9,15934628;13;214,5748663;0,029278;0,041471814
313;Repelente crema;JÃºpiter;80 grs.;178;79;79;145;132,7294705;145;145;19,56915098;26;123,7381678;0,072664;0,147436367
314;Repelente aerosol;JÃºpiter;165 cm3;250;94,9;110;168;152,7588586;191;191;23,97110296;35;152,1351901;0,004099;0,156921197
315;Repelente aerosol;Off!;165 cm3;10;268;268;279;277,07;293;293;6,551961079;11;269,3;0,028853;0,023647313
318;Afeitadora;Gillette;2 unidades;299;229;285;381;385,0308038;427;427;33,61626409;29,57;384,3946877;0,001655;0,087307986
319;Afeitadora;Xtreme3;1 unidad;206;37;52;76;75,81216755;95;95;10,88090711;2,5;72,54351069;0,045058;0,143524548
320;ChampÃº;Dove;400 ml.;408;190;235;276;271,0654647;305;324;16,36468972;25;270,3404628;0,002682;0,060371725
321;ChampÃº;Pantene;400 ml.;386;169;239,1;299;293,8758728;353,51;358,16;23,93903338;39;285,0517529;0,030956;0,081459676
322;Crema facial;Revitalift;50 ml.;203;846;846;1226;1162,270188;1298;1305;162,8497335;43;1158,280105;0,003445;0,140113491
323;Crema facial;Asepxia;28 grs.;120;195;222;222;224,7647059;242;242;7,016565343;0;223,8398907;0,004132;0,03121738
324;JabÃ³n de tocador;Neutrogena;80 grs.;161;52;69;116;115,8696245;124;124;8,459586886;0;115,9427799;-0,000631;0,073009531
326;PaÃ±ales adultos;Readysec;24 unidades;198;335;374,9;492;487,4718786;565;583;36,75359048;20,08;474,8274466;0,02663;0,07539633
327;PaÃ±ales ;Babysec;48 unidades;324;476;523,88;637;616,1107772;665;700;43,46897359;42;601,4809327;0,024323;0,070553828
328;PaÃ±ales ;Huggies;40 unidades;175;353;383;383;389,9445359;421,93;453;10,44946505;13;389,9251046;5,00E-05;0,026797311
331;Colonia + Talco;Bebe & Co ;120 ml.;234;254;344;439;436,712208;485;485;22,19466317;3;437,1588168;-0,001022;0,050822172
332;Toallitas femeninas;Ladysoft;16 unidades;238;31;33,9;41,5;42,46779005;62;69;6,181704571;7;41,46974261;0,024067;0,145562191
333;Toallitas femeninas;Siempre Libre;8 unidades;339;69,9;73,9;96;97,21506096;125,5;145,5;9,583396401;7;94,67144703;0,026868;0,098579338
335;Talco;Xanapie;180 grs.;189;35;35;81;73,44268995;85;129;13,57446308;10;73,25565434;0,002553;0,18483069
336;Talco;Xanapie;175 ml.;316;99;109;153;149,8978337;169;203,5;15,68742572;25,5;150,1308013;-0,001552;0,104654119
337;Talco;J&J;200 grs.;336;169;206,5;277;288,2489956;357;364;29,943115;22;287,0835805;0,004059;0,103879339
338;JabÃ³n de tocador;Dove;90 grs.;423;35;39,9;49;49,95187711;55;55;3,443784289;5;49,90595837;0,00092;0,06894204
339;JabÃ³n de glicerina;Ann Bow;140 grs. ;244;25;30;34,9;42,16782151;69;69,9;12,78463092;26;42,20647482;-0,000916;0,303184525
340;Perfume;DÃ©lice;50 ml.;257;229;229;387;369,1064036;425;435;50,67734634;2;370,1333159;-0,002774;0,137297391
341;Perfume;Casapueblo;100 ml.;257;199;199;379;350,1326341;475;475;76,06287453;93;346,2500325;0,011213;0,217240174
342;Tinta ;Excellence;1 unidad;282;349;358,67;415;415,2926675;460;470;26,43925369;40;410,5843024;0,011467;0,063664148
343;Tinta ;Issue;1 unidad;122;88;89;129;133,5052453;160;160;13,23989627;0;133,3781692;0,000953;0,099171357
344;Tinta ;Garnier;1 unidad;335;149;157,53;182;185,5982078;204;227,5;12,211322;16;178,398637;0,040357;0,065794396
